,_,A,B,C,D,E,F,G,H,I,J,K,L,M,N,O,P,Q,R,S,T,U,V,W,X,Y,Z,sum,f1,accuracy,precision,recall
0,0.0,0.15082382762991128,0.16840731070496084,0.043478260869565216,0.1751552795031056,0.018229166666666668,0.15870967741935485,0.10478654592496765,0.12670299727520437,0.11258278145695363,0.2074966532797858,0.2625169147496617,0.024967148488830485,0.2866161616161616,0.2554278416347382,0.2549800796812749,0.1780821917808219,0.07918263090676884,0.1662269129287599,0.10695187165775401,0.12562814070351758,0.10947109471094711,0.19109947643979058,0.12101063829787234,0.1473951715374841,0.18956743002544527,0.06403269754768393,0.14765,0.30066050198150596,0.86765,0.19268540467321368,0.6838942307692307
