,e,n,%,A,B,C,D,E,F,G,H,I,J,K,L,M,N,O,P,Q,R,S,T,U,V,W,X,Y,Z,sum,accuracy,f1,precision,recall
0,2.0,10.0,0.6,0.049429657794676805,0.037859007832898174,0.04755434782608696,0.05341614906832298,0.040364583333333336,0.04645161290322581,0.06597671410090557,0.04087193460490463,0.0026490066225165563,0.03614457831325301,0.04736129905277402,0.04204993429697766,0.041666666666666664,0.02681992337164751,0.05179282868525897,0.034869240348692404,0.04725415070242656,0.04617414248021108,0.04679144385026738,0.04773869346733668,0.04428044280442804,0.049738219895287955,0.05053191489361702,0.05717916137229987,0.047073791348600506,0.03814713896457766,0.0439,0.9801,0.7672514619883041,0.7471526195899773,0.7884615384615384
